-- phpMyAdmin SQL Dump
-- version 4.5.1
-- http://www.phpmyadmin.net
--
-- Host: 127.0.0.1
-- Generation Time: 27 Jun 2024 pada 13.41
-- Versi Server: 10.1.9-MariaDB
-- PHP Version: 5.6.15

SET SQL_MODE = "NO_AUTO_VALUE_ON_ZERO";
SET time_zone = "+00:00";


/*!40101 SET @OLD_CHARACTER_SET_CLIENT=@@CHARACTER_SET_CLIENT */;
/*!40101 SET @OLD_CHARACTER_SET_RESULTS=@@CHARACTER_SET_RESULTS */;
/*!40101 SET @OLD_COLLATION_CONNECTION=@@COLLATION_CONNECTION */;
/*!40101 SET NAMES utf8mb4 */;

--
-- Database: `dat_spk`
--

-- --------------------------------------------------------

--
-- Struktur dari tabel `alternatif`
--

CREATE TABLE `alternatif` (
  `id_alternatif` int(11) NOT NULL,
  `no_kk` varchar(20) NOT NULL,
  `nik` varchar(20) NOT NULL,
  `nama` varchar(60) NOT NULL,
  `id_rw` int(5) NOT NULL
) ENGINE=InnoDB DEFAULT CHARSET=latin1;

--
-- Dumping data untuk tabel `alternatif`
--

INSERT INTO `alternatif` (`id_alternatif`, `no_kk`, `nik`, `nama`, `id_rw`) VALUES
(2, '3329121512150020', '3209261604870000', 'UDIN KOMARUDIN', 1),
(3, '3328042907190002', '3328044404880002', 'YENI ROKHAENI', 1),
(4, '3216100303110020', '3216101608640003', 'MAWARDI', 1),
(5, '1871022107080014', '1871021110640005', 'MUINSYAH KR', 1),
(6, '1808130211090007', '1808130906850001', 'NURHADI', 1),
(7, '1801133101200007', '1801135209870007', 'ELAWATI', 1),
(8, '1801133101200007', '1801130503750009', 'HASAN', 1),
(9, '1801133011170018', '1871110101800004', 'SAMIJAN', 1),
(10, '1801133010100036', '3320065110730007', 'ONIS KHOTIAH', 1),
(11, '1801133006200002', '1801130307710001', 'ARIMAN', 1),
(12, '1801132811170004', '1801131211790008', 'PARJINO', 1),
(13, '1801132811110028', '1801135206410001', 'ATIM FATIMAH', 1),
(14, '1801132811110028', '1801131208390001', 'PENDI', 1),
(15, '1801132807200004', '1801130410920007', 'DWI FAJARUDIN', 1),
(16, '1801132802120142', '1801135608800004', 'SELAH', 1),
(17, '1801132802120093', '1801134102420001', 'KARMI', 1),
(18, '1801132707110022', '1801130105730003', 'SAYUTI', 1),
(19, '1801132705150010', '1801130602820019', 'SUYATNO', 1),
(20, '1801132702110082', '1801131003580009', 'SUYONO', 1),
(21, '1801132612120055', '1801134407700011', 'HOTMAULI MANIK', 1),
(22, '1801132610090220', '1801130505840005', 'SOLIKIN', 1),
(23, '1801132605160010', '1801135307790003', 'KOMSETI', 1),
(24, '1801132605110021', '1801135707770007', 'PONIRAH', 1),
(25, '1801132511110012', '1801130805550003', 'HD. PAKPAHAN', 1),
(26, '1801132505120021', '1801135003580005', 'YUSNING', 1),
(27, '1801132411160001', '1801133105800011', 'HERI CAHYONO', 1),
(28, '1801132311120029', '1801132104590004', 'RUSMIYANTO', 1),
(29, '1801132308110001', '1801134808820015', 'NINGSIH', 1),
(30, '1801132308110001', '1801132410800002', 'SUSMIRAN', 1),
(31, '1801132307210002', '1801130104420003', 'BAWUK', 1),
(32, '1801132305120038', '1801135306750006', 'SUNIATI', 1),
(33, '1801132304150016', '1801131706590005', 'NGATIMIN', 1),
(34, '1801132303088589', '1801131203580005', 'MUJIYO', 1),
(35, '1801132303088168', '1801130107810044', 'UCI', 1),
(36, '1801132303088092', '1801130107550008', 'PAIMAN', 1),
(37, '1801132303088028', '1801134107480023', 'SAMINEM', 1),
(38, '1801132303088026', '1801134107670021', 'NGADIMEN', 1),
(39, '1801134107670021', '1801134509730001', 'MURNI', 1),
(40, '1801132303088004', '1801134107530044', 'PARTIYEM', 1),
(41, '1801132303088000', '1801130107580032', 'SUDIN', 1),
(42, '1801132303087919', '1801130608740002', 'SUYOTO', 1),
(43, '1801132303087889', '1801131206630002', 'YONO', 1),
(44, '1801131206630002', '1801135404910010', 'PURWANTI', 1),
(45, '1801132303087885', '1801131203560001', 'MISWAN', 1),
(46, '1801132303087884', '1801132802610003', 'PAINO', 1),
(47, '1801132303087869', '1801132702700002', 'MISWANDI', 1),
(48, '1801132303087862', '1801130305650002', 'JUARTONO', 1),
(49, '1801132303087850', '1801131501590002', 'ROSMIYANTO', 1),
(50, '1801132303087785', '1801130808690004', 'ALIP', 1),
(51, '1801132303087370', '1801131504680002', 'USUP', 1),
(52, '1801132303087266', '1801134307900008', 'ELNI', 1),
(53, '1801132303087263', '1801131006620005', 'WASIYADI', 1),
(54, '1801132303087255', '1801134107650024', 'GIYANTI', 1),
(55, '1801132303087250', '1801131303720003', 'MAT BUANG', 1),
(56, '1801132303087246', '1801130307690002', 'LASDI', 1),
(57, '1801132303087226', '1801131212940005', 'RIZKY MAHENDRA', 1),
(58, '1801132303087226', '1801131709520004', 'HASAN BASRI', 1),
(59, '1801132211160008', '1801130708770007', 'NGADIRIN', 1),
(60, '1801132211160008', '1801134206840012', 'RITA', 1),
(63, '1801132209110020', '1801130907800000', 'SUMARDI', 1),
(64, '1801132208110070', '1801134802760000', 'SUNARTI', 1),
(65, '1801132207200013', '1801131511790006', 'INDRA SUSANTO', 1),
(66, '1801132206120017', '1801132206120010', 'SUFARIYANTO', 1),
(67, '1801132203180008', '1801130405450006', 'AMIRUDIN', 1),
(68, '1801132203180007', '1801103010900001', 'SUGITO', 1),
(69, '1801132201210009', '1801134301850007', 'SUMIYATI', 1),
(70, '1801132201160001', '1801132704790009', 'BUDI KURNIAWAN', 1),
(71, '1801132108130008', '1801137009560003', 'JUNAINAH', 1),
(72, '1801132104160000', '1801130305790007', 'INUNG SETIAWAN', 1),
(73, '1801131911150009', '1801130711760006', 'RIDWAN SINAMBELA', 1),
(74, '1801131909110035', '1801130608820009', 'AGUS AMIRUDIN', 1),
(75, '1801130608820009', '1871016404910004', 'ALITA LIA', 1),
(76, '1801131905110030', '1801131609600001', 'SUTRISNO', 1),
(77, '1801131904110019', '1801130803730007', 'ARJUS', 1),
(78, '1801131803210017', '1801131704780009', 'KAMSUDIN', 1),
(79, '1801131803210006', '1801135705830006', 'UMIYATI', 1),
(80, '1801131712120040', '1801134509470002', 'SULASTRI', 1),
(81, '1801131712120009', '1801133101840003', 'ANDI MUSTOFA', 1),
(82, '1801131611160009', '1801135306730001', 'WAGIYEM', 1),
(83, '1801131611160006', '1801132704700005', 'PRI YANTO', 1),
(84, '1801131608160012', '1871025108830001', 'AGUSTA SARASWATI, S.SEP', 1),
(85, '1801131507130028', '1801135606700006', 'SUDIYEM', 1),
(86, '1801131503120007', '1801130211870001', 'FEBRI JATMIKO', 1),
(87, '1801131502180002', '1801132505670007', 'AHMAD TARMIZI', 1),
(88, '1801131412090203', '1801132801760003', 'ANDI SANTOSO', 1),
(89, '1801131411090042', '1801136612760003', 'SEMI SAFITRI', 1),
(90, '1801131409110046', '1801133001620001', 'SUYATNO', 1),
(91, '1801131406170009', '1801132805850001', 'TONO HARTANTO', 1),
(92, '1801131406110005', '1801130201590000', 'ASMO', 1),
(93, '1801131405120052', '1801132110700002', 'WARNO', 1),
(94, '1801131401200001', '1801131801930001', 'HARI SETIAWAN', 1),
(95, '1801131312120138', '1801134112290001', 'RUPIAH', 1),
(96, '1801131311120011', '1801131206650007', 'YONO', 1),
(97, '1801131308110029', '1801131212550002', 'A. RAMLI', 1),
(98, '1801131308110029', '1801135708860012', 'ROSH SEPTIANI', 1),
(99, '1801131305110013', '1801134705690009', 'ERNAWATI', 1),
(100, '1801131304120011', '1801130506620007', 'GURITNO', 1),
(101, '1801131303120005', '1801131708850021', 'AGUS SUPRIYADI', 1),
(102, '1801131209110020', '1801136104540004', 'WIDYA ASTUTI', 1),
(103, '1801131204110052', '1801132812800006', 'SUWARNO', 1),
(104, '1801131201120019', '1801131109600005', 'WAGIRAN', 1),
(105, '1801131201110013', '1801130507700005', 'SARTONO', 1),
(106, '1801131112120087', '1801131206870006', 'GHANI SANTOSO', 1),
(107, '1801131111090245', '1801136807560002', 'MANISIH', 1),
(108, '1801131110120003', '1801134710830006', 'RINI EKA WATI', 1),
(109, '1801131108190001', '1871030910920003', 'SAMELDO RULIAWAN', 1),
(110, '1801131104110043', '1801131204740003', 'YUSUP SUPRIYONO', 1),
(111, '1801131008110052', '1801131911620002', 'BAMBANG RUJITO', 1),
(112, '1801131005190001', '1809011503940004', 'M. JUNDI', 1),
(113, '1801131003180002', '1871020110920006', 'EDI SUTRISNO', 1),
(114, '1801131002210003', '1801134801740003', 'ENI SUPRIYATI', 1),
(115, '1801130910190005', '1801130505900007', 'WAWAN SUSANTO', 1),
(116, '1801130903210008', '1801137006850009', 'NGATINI', 1),
(117, '1801130811170006', '1801131110470005', 'PONIMAN', 1),
(118, '1801130709110028', '1801131210530003', 'SUKIP', 1),
(119, '1801130706110030', '1801133004450000', 'HERMAN', 1),
(120, '1801130705090000', '1801131207620000', 'PAINO', 1),
(121, '1801130611180002', '1806201602930001', 'BENI SETIABUDI', 1),
(122, '1801130604150025', '1801132509840004', 'SARMANI', 1),
(123, '1801130510160006', '1801130602920005', 'RUSDI WIDIANOTO', 1),
(124, '1801130508110021', '1801131211820007', 'SUJARWO', 1),
(125, '1801130504110044', '1801130504840006', 'SURANTO', 1),
(126, '1801130503110009', '1801135708850009', 'ASIH', 1),
(127, '1801130208120021', '1801132807700003', 'SAMINGUN', 1),
(128, '1801130207210001', '1801134704700001', 'SANISEM', 1),
(129, '1801130207190011', '3602092410850002', 'BAIM ALHABSYI', 1),
(130, '1801130107110010', '1801130107500037', 'SALAMUN', 1),
(131, '1801130107110010', '1801136003530005', 'MARFUAH', 1),
(132, '1801130106120029', '1801132307700005', 'SAMIDI', 1),
(133, '1801131502160010', '1871024808580008', 'NURMINI', 1);

-- --------------------------------------------------------

--
-- Struktur dari tabel `ir`
--

CREATE TABLE `ir` (
  `jumlah` int(11) NOT NULL,
  `nilai` float NOT NULL
) ENGINE=MyISAM DEFAULT CHARSET=latin1;

--
-- Dumping data untuk tabel `ir`
--

INSERT INTO `ir` (`jumlah`, `nilai`) VALUES
(1, 0),
(2, 0),
(3, 0.58),
(4, 0.9),
(5, 1.12),
(6, 1.24),
(7, 1.32),
(8, 1.41),
(9, 1.45),
(10, 1.49),
(11, 1.51),
(12, 1.48),
(13, 1.56),
(14, 1.57),
(15, 1.59);

-- --------------------------------------------------------

--
-- Struktur dari tabel `kriteria`
--

CREATE TABLE `kriteria` (
  `id_kriteria` int(11) NOT NULL,
  `nama_kriteria` varchar(100) NOT NULL,
  `jenis` varchar(20) NOT NULL,
  `bobot` int(11) NOT NULL
) ENGINE=InnoDB DEFAULT CHARSET=latin1;

--
-- Dumping data untuk tabel `kriteria`
--

INSERT INTO `kriteria` (`id_kriteria`, `nama_kriteria`, `jenis`, `bobot`) VALUES
(5, 'Pekerjaan', 'Cost', 3),
(6, 'Kepemilikan Disabilitas', 'Benefit', 4),
(7, 'Kepemilikan Lansia', 'Benefit', 7),
(8, 'Ibu Hamil', 'Benefit', 10),
(9, 'Balita', 'Benefit', 15),
(10, 'Pendidikan', 'Benefit', 21),
(11, 'Kelengkapan Data', 'Benefit', 39);

-- --------------------------------------------------------

--
-- Struktur dari tabel `nilai`
--

CREATE TABLE `nilai` (
  `id_nilai` int(11) NOT NULL,
  `id_alternatif` int(11) NOT NULL,
  `id_sub` int(11) NOT NULL
) ENGINE=InnoDB DEFAULT CHARSET=latin1;

--
-- Dumping data untuk tabel `nilai`
--

INSERT INTO `nilai` (`id_nilai`, `id_alternatif`, `id_sub`) VALUES
(108, 2, 26),
(109, 2, 38),
(110, 2, 41),
(111, 2, 44),
(112, 2, 46),
(113, 2, 49),
(114, 3, 31),
(115, 3, 38),
(116, 3, 41),
(117, 3, 44),
(118, 3, 47),
(119, 3, 49),
(120, 4, 26),
(121, 4, 38),
(122, 4, 41),
(123, 4, 44),
(124, 4, 46),
(125, 4, 49),
(126, 5, 28),
(127, 5, 38),
(128, 5, 41),
(129, 5, 44),
(130, 5, 46),
(131, 5, 49),
(132, 6, 32),
(133, 6, 38),
(134, 6, 41),
(135, 6, 44),
(136, 6, 46),
(137, 6, 50),
(138, 7, 31),
(139, 7, 38),
(140, 7, 42),
(141, 7, 44),
(142, 7, 47),
(143, 7, 49),
(144, 8, 34),
(145, 8, 38),
(146, 8, 41),
(147, 8, 44),
(148, 8, 47),
(149, 8, 49),
(150, 9, 34),
(151, 9, 38),
(152, 9, 41),
(153, 9, 44),
(154, 9, 46),
(155, 9, 49),
(156, 10, 27),
(157, 10, 38),
(158, 10, 41),
(159, 10, 44),
(160, 10, 46),
(161, 10, 49),
(162, 11, 26),
(163, 11, 38),
(164, 11, 41),
(165, 11, 44),
(166, 11, 46),
(167, 11, 49),
(168, 12, 26),
(169, 12, 38),
(170, 12, 41),
(171, 12, 44),
(172, 12, 46),
(173, 12, 49),
(174, 13, 31),
(175, 13, 38),
(176, 13, 42),
(177, 13, 44),
(178, 13, 46),
(179, 13, 49),
(180, 14, 34),
(181, 14, 38),
(182, 14, 42),
(183, 14, 44),
(184, 14, 46),
(185, 14, 49),
(186, 15, 27),
(187, 15, 38),
(188, 15, 41),
(189, 15, 44),
(190, 15, 46),
(191, 15, 49),
(192, 16, 26),
(193, 16, 38),
(194, 16, 41),
(195, 16, 44),
(196, 16, 46),
(197, 16, 49),
(198, 17, 31),
(199, 17, 38),
(200, 17, 42),
(201, 17, 44),
(202, 17, 46),
(203, 17, 50),
(204, 18, 34),
(205, 18, 38),
(206, 18, 41),
(207, 18, 44),
(208, 18, 47),
(209, 18, 49),
(210, 19, 27),
(211, 19, 38),
(212, 19, 41),
(213, 19, 44),
(214, 19, 47),
(215, 19, 49),
(216, 20, 34),
(217, 20, 38),
(218, 20, 42),
(219, 20, 44),
(220, 20, 46),
(221, 20, 49),
(222, 21, 31),
(223, 21, 38),
(224, 21, 41),
(225, 21, 44),
(226, 21, 46),
(227, 21, 49),
(228, 22, 30),
(229, 22, 38),
(230, 22, 41),
(231, 22, 44),
(232, 22, 47),
(233, 22, 49),
(234, 23, 31),
(235, 23, 38),
(236, 23, 41),
(237, 23, 44),
(238, 23, 46),
(239, 23, 49),
(240, 24, 31),
(241, 24, 38),
(242, 24, 42),
(243, 24, 44),
(244, 24, 46),
(245, 24, 49),
(246, 25, 83),
(247, 25, 38),
(248, 25, 42),
(249, 25, 44),
(250, 25, 46),
(251, 25, 49),
(252, 26, 32),
(253, 26, 38),
(254, 26, 42),
(255, 26, 44),
(256, 26, 46),
(257, 26, 49),
(258, 27, 34),
(259, 27, 38),
(260, 27, 41),
(261, 27, 44),
(262, 27, 46),
(263, 27, 49),
(264, 28, 34),
(265, 28, 38),
(266, 28, 42),
(267, 28, 44),
(268, 28, 46),
(269, 28, 49),
(270, 29, 31),
(271, 29, 38),
(272, 29, 42),
(273, 29, 44),
(274, 29, 46),
(275, 29, 49),
(276, 30, 34),
(277, 30, 38),
(278, 30, 41),
(279, 30, 44),
(280, 30, 46),
(281, 30, 49),
(282, 31, 32),
(283, 31, 38),
(284, 31, 42),
(285, 31, 44),
(286, 31, 46),
(287, 31, 49),
(288, 32, 31),
(289, 32, 38),
(290, 32, 41),
(291, 32, 44),
(292, 32, 46),
(293, 32, 49),
(294, 33, 33),
(295, 33, 38),
(296, 33, 43),
(297, 33, 44),
(298, 33, 46),
(299, 33, 49),
(300, 34, 32),
(301, 34, 38),
(302, 34, 42),
(303, 34, 44),
(304, 34, 46),
(305, 34, 49),
(306, 35, 34),
(307, 35, 38),
(308, 35, 41),
(309, 35, 44),
(310, 35, 46),
(311, 35, 49),
(312, 36, 34),
(313, 36, 38),
(314, 36, 42),
(315, 36, 44),
(316, 36, 46),
(317, 36, 49),
(318, 37, 28),
(319, 37, 38),
(320, 37, 42),
(321, 37, 44),
(322, 37, 46),
(323, 37, 49),
(324, 38, 31),
(325, 38, 38),
(326, 38, 41),
(327, 38, 44),
(328, 38, 46),
(329, 38, 49),
(330, 39, 31),
(331, 39, 38),
(332, 39, 41),
(333, 39, 44),
(334, 39, 46),
(335, 39, 49),
(336, 40, 31),
(337, 40, 38),
(338, 40, 42),
(339, 40, 44),
(340, 40, 46),
(341, 40, 49),
(342, 41, 26),
(343, 41, 38),
(344, 41, 43),
(345, 41, 44),
(346, 41, 46),
(347, 41, 49),
(348, 42, 32),
(349, 42, 38),
(350, 42, 41),
(351, 42, 44),
(352, 42, 46),
(353, 42, 49),
(354, 43, 26),
(355, 43, 38),
(356, 43, 42),
(357, 43, 44),
(358, 43, 46),
(359, 43, 49),
(360, 44, 31),
(361, 44, 38),
(362, 44, 41),
(363, 44, 44),
(364, 44, 46),
(365, 44, 49),
(366, 45, 26),
(367, 45, 38),
(368, 45, 42),
(369, 45, 44),
(370, 45, 46),
(371, 45, 49),
(372, 46, 34),
(373, 46, 38),
(374, 46, 42),
(375, 46, 44),
(376, 46, 46),
(377, 46, 49),
(378, 47, 32),
(379, 47, 38),
(380, 47, 41),
(381, 47, 44),
(382, 47, 46),
(383, 47, 49),
(384, 48, 33),
(385, 48, 38),
(386, 48, 41),
(387, 48, 44),
(388, 48, 46),
(389, 48, 49),
(390, 49, 32),
(391, 49, 38),
(392, 49, 42),
(393, 49, 44),
(394, 49, 46),
(395, 49, 49),
(396, 50, 26),
(397, 50, 38),
(398, 50, 41),
(399, 50, 44),
(400, 50, 46),
(401, 50, 50),
(402, 51, 34),
(403, 51, 38),
(404, 51, 41),
(405, 51, 44),
(406, 51, 46),
(407, 51, 49),
(408, 52, 34),
(409, 52, 38),
(410, 52, 41),
(411, 52, 44),
(412, 52, 46),
(413, 52, 49),
(414, 53, 28),
(415, 53, 38),
(416, 53, 43),
(417, 53, 44),
(418, 53, 46),
(419, 53, 49),
(420, 54, 31),
(421, 54, 38),
(422, 54, 41),
(423, 54, 44),
(424, 54, 46),
(425, 54, 49),
(426, 55, 34),
(427, 55, 38),
(428, 55, 41),
(429, 55, 44),
(430, 55, 46),
(431, 55, 49),
(432, 56, 26),
(433, 56, 38),
(434, 56, 41),
(435, 56, 44),
(436, 56, 46),
(437, 56, 49),
(438, 57, 83),
(439, 57, 38),
(440, 57, 41),
(441, 57, 44),
(442, 57, 46),
(443, 57, 49),
(444, 58, 27),
(445, 58, 38),
(446, 58, 43),
(447, 58, 44),
(448, 58, 46),
(449, 58, 49),
(450, 59, 26),
(451, 59, 38),
(452, 59, 41),
(453, 59, 44),
(454, 59, 46),
(455, 59, 49),
(456, 60, 31),
(457, 60, 38),
(458, 60, 41),
(459, 60, 44),
(460, 60, 46),
(461, 60, 49),
(462, 63, 34),
(463, 63, 38),
(464, 63, 41),
(465, 63, 44),
(466, 63, 46),
(467, 63, 49),
(468, 64, 34),
(469, 64, 38),
(470, 64, 41),
(471, 64, 44),
(472, 64, 46),
(473, 64, 49),
(474, 65, 34),
(475, 65, 38),
(476, 65, 41),
(477, 65, 44),
(478, 65, 46),
(479, 65, 49),
(480, 66, 34),
(481, 66, 38),
(482, 66, 41),
(483, 66, 44),
(484, 66, 46),
(485, 66, 49),
(486, 67, 26),
(487, 67, 38),
(488, 67, 42),
(489, 67, 44),
(490, 67, 46),
(491, 67, 49),
(492, 68, 26),
(493, 68, 38),
(494, 68, 41),
(495, 68, 44),
(496, 68, 46),
(497, 68, 49),
(498, 69, 31),
(499, 69, 38),
(500, 69, 41),
(501, 69, 44),
(502, 69, 46),
(503, 69, 49),
(504, 70, 27),
(505, 70, 38),
(506, 70, 41),
(507, 70, 44),
(508, 70, 46),
(509, 70, 49),
(510, 71, 32),
(511, 71, 38),
(512, 71, 42),
(513, 71, 44),
(514, 71, 46),
(515, 71, 49),
(516, 72, 26),
(517, 72, 38),
(518, 72, 41),
(519, 72, 44),
(520, 72, 46),
(521, 72, 49),
(522, 73, 23),
(523, 73, 38),
(524, 73, 41),
(525, 73, 44),
(526, 73, 46),
(527, 73, 49),
(528, 74, 34),
(529, 74, 38),
(530, 74, 41),
(531, 74, 44),
(532, 74, 46),
(533, 74, 49),
(534, 75, 31),
(535, 75, 38),
(536, 75, 41),
(537, 75, 44),
(538, 75, 46),
(539, 75, 49),
(540, 76, 34),
(541, 76, 38),
(542, 76, 42),
(543, 76, 44),
(544, 76, 46),
(545, 76, 49),
(546, 77, 34),
(547, 77, 38),
(548, 77, 42),
(549, 77, 44),
(550, 77, 46),
(551, 77, 49),
(552, 78, 34),
(553, 78, 38),
(554, 78, 41),
(555, 78, 44),
(556, 78, 46),
(557, 78, 49),
(558, 79, 28),
(559, 79, 38),
(560, 79, 41),
(561, 79, 44),
(562, 79, 46),
(563, 79, 49),
(564, 80, 34),
(565, 80, 38),
(566, 80, 42),
(567, 80, 44),
(568, 80, 46),
(569, 80, 49),
(570, 81, 26),
(571, 81, 38),
(572, 81, 41),
(573, 81, 44),
(574, 81, 46),
(575, 81, 49),
(576, 82, 31),
(577, 82, 38),
(578, 82, 41),
(579, 82, 44),
(580, 82, 46),
(581, 82, 49),
(582, 83, 34),
(583, 83, 38),
(584, 83, 41),
(585, 83, 44),
(586, 83, 46),
(587, 83, 49),
(588, 84, 24),
(589, 84, 38),
(590, 84, 41),
(591, 84, 44),
(592, 84, 46),
(593, 84, 49),
(594, 85, 31),
(595, 85, 38),
(596, 85, 41),
(597, 85, 44),
(598, 85, 46),
(599, 85, 49),
(600, 86, 26),
(601, 86, 38),
(602, 86, 41),
(603, 86, 44),
(604, 86, 46),
(605, 86, 49),
(606, 87, 26),
(607, 87, 38),
(608, 87, 41),
(609, 87, 44),
(610, 87, 46),
(611, 87, 49),
(612, 133, 32),
(613, 133, 38),
(614, 133, 42),
(615, 133, 44),
(616, 133, 46),
(617, 133, 49),
(618, 88, 25),
(619, 88, 38),
(620, 88, 41),
(621, 88, 44),
(622, 88, 46),
(623, 88, 49),
(624, 89, 31),
(625, 89, 38),
(626, 89, 42),
(627, 89, 44),
(628, 89, 46),
(629, 89, 49),
(630, 90, 34),
(631, 90, 38),
(632, 90, 42),
(633, 90, 44),
(634, 90, 46),
(635, 90, 49),
(636, 91, 26),
(637, 91, 38),
(638, 91, 41),
(639, 91, 44),
(640, 91, 46),
(641, 91, 49),
(642, 92, 34),
(643, 92, 38),
(644, 92, 42),
(645, 92, 44),
(646, 92, 46),
(647, 92, 49),
(648, 93, 34),
(649, 93, 38),
(650, 93, 41),
(651, 93, 44),
(652, 93, 47),
(653, 93, 49),
(654, 94, 26),
(655, 94, 38),
(656, 94, 41),
(657, 94, 44),
(658, 94, 46),
(659, 94, 49),
(660, 95, 28),
(661, 95, 38),
(662, 95, 42),
(663, 95, 44),
(664, 95, 46),
(665, 95, 49),
(666, 96, 34),
(667, 96, 38),
(668, 96, 41),
(669, 96, 44),
(670, 96, 46),
(671, 96, 49),
(672, 97, 34),
(673, 97, 38),
(674, 97, 42),
(675, 97, 44),
(676, 97, 46),
(677, 97, 49),
(678, 98, 31),
(679, 98, 38),
(680, 98, 41),
(681, 98, 44),
(682, 98, 46),
(683, 98, 49),
(684, 99, 34),
(685, 99, 38),
(686, 99, 42),
(687, 99, 44),
(688, 99, 46),
(689, 99, 49),
(690, 100, 34),
(691, 100, 38),
(692, 100, 42),
(693, 100, 44),
(694, 100, 46),
(695, 100, 49),
(696, 101, 34),
(697, 101, 38),
(698, 101, 41),
(699, 101, 44),
(700, 101, 46),
(701, 101, 49),
(702, 102, 31),
(703, 102, 38),
(704, 102, 42),
(705, 102, 44),
(706, 102, 46),
(707, 102, 49),
(708, 103, 26),
(709, 103, 38),
(710, 103, 41),
(711, 103, 44),
(712, 103, 46),
(713, 103, 49),
(714, 104, 26),
(715, 104, 38),
(716, 104, 42),
(717, 104, 44),
(718, 104, 46),
(719, 104, 49),
(720, 105, 34),
(721, 105, 38),
(722, 105, 41),
(723, 105, 44),
(724, 105, 46),
(725, 105, 49),
(726, 106, 34),
(727, 106, 38),
(728, 106, 41),
(729, 106, 44),
(730, 106, 46),
(731, 106, 49),
(732, 107, 34),
(733, 107, 38),
(734, 107, 43),
(735, 107, 44),
(736, 107, 46),
(737, 107, 49),
(738, 108, 31),
(739, 108, 38),
(740, 108, 41),
(741, 108, 44),
(742, 108, 46),
(743, 108, 49),
(744, 109, 34),
(745, 109, 38),
(746, 109, 41),
(747, 109, 44),
(748, 109, 46),
(749, 109, 49),
(750, 110, 34),
(751, 110, 38),
(752, 110, 41),
(753, 110, 44),
(754, 110, 46),
(755, 110, 49),
(756, 111, 26),
(757, 111, 38),
(758, 111, 42),
(759, 111, 44),
(760, 111, 46),
(761, 111, 49),
(762, 112, 34),
(763, 112, 38),
(764, 112, 41),
(765, 112, 44),
(766, 112, 46),
(767, 112, 49),
(768, 113, 34),
(769, 113, 38),
(770, 113, 41),
(771, 113, 44),
(772, 113, 46),
(773, 113, 49),
(774, 114, 31),
(775, 114, 38),
(776, 114, 42),
(777, 114, 44),
(778, 114, 46),
(779, 114, 49),
(780, 115, 34),
(781, 115, 38),
(782, 115, 41),
(783, 115, 44),
(784, 115, 46),
(785, 115, 49),
(786, 116, 31),
(787, 116, 38),
(788, 116, 41),
(789, 116, 44),
(790, 116, 46),
(791, 116, 49),
(792, 117, 34),
(793, 117, 38),
(794, 117, 42),
(795, 117, 44),
(796, 117, 46),
(797, 117, 49),
(798, 118, 34),
(799, 118, 38),
(800, 118, 42),
(801, 118, 44),
(802, 118, 46),
(803, 118, 49),
(804, 119, 34),
(805, 119, 38),
(806, 119, 43),
(807, 119, 44),
(808, 119, 46),
(809, 119, 49),
(810, 120, 34),
(811, 120, 39),
(812, 120, 42),
(813, 120, 44),
(814, 120, 46),
(815, 120, 49),
(816, 121, 26),
(817, 121, 38),
(818, 121, 41),
(819, 121, 44),
(820, 121, 47),
(821, 121, 49),
(822, 122, 34),
(823, 122, 38),
(824, 122, 41),
(825, 122, 44),
(826, 122, 46),
(827, 122, 49),
(828, 123, 26),
(829, 123, 38),
(830, 123, 41),
(831, 123, 44),
(832, 123, 46),
(833, 123, 49),
(834, 124, 29),
(835, 124, 38),
(836, 124, 41),
(837, 124, 44),
(838, 124, 46),
(839, 124, 49),
(840, 125, 34),
(841, 125, 38),
(842, 125, 41),
(843, 125, 44),
(844, 125, 46),
(845, 125, 49),
(846, 126, 34),
(847, 126, 38),
(848, 126, 41),
(849, 126, 44),
(850, 126, 46),
(851, 126, 49),
(852, 127, 32),
(853, 127, 38),
(854, 127, 41),
(855, 127, 44),
(856, 127, 46),
(857, 127, 49),
(858, 128, 31),
(859, 128, 38),
(860, 128, 41),
(861, 128, 44),
(862, 128, 46),
(863, 128, 49),
(864, 129, 27),
(865, 129, 38),
(866, 129, 41),
(867, 129, 44),
(868, 129, 46),
(869, 129, 49),
(870, 130, 32),
(871, 130, 38),
(872, 130, 42),
(873, 130, 44),
(874, 130, 46),
(875, 130, 49),
(876, 131, 31),
(877, 131, 38),
(878, 131, 42),
(879, 131, 44),
(880, 131, 46),
(881, 131, 49),
(882, 132, 33),
(883, 132, 38),
(884, 132, 41),
(885, 132, 44),
(886, 132, 46),
(887, 132, 49);

-- --------------------------------------------------------

--
-- Struktur dari tabel `nilai_pendidikan`
--

CREATE TABLE `nilai_pendidikan` (
  `id_nilai_pendidikan` int(11) NOT NULL,
  `id_alternatif` int(11) NOT NULL,
  `id_pendidikan` int(11) NOT NULL,
  `nilai_pendidikan` int(11) NOT NULL
) ENGINE=InnoDB DEFAULT CHARSET=latin1;

--
-- Dumping data untuk tabel `nilai_pendidikan`
--

INSERT INTO `nilai_pendidikan` (`id_nilai_pendidikan`, `id_alternatif`, `id_pendidikan`, `nilai_pendidikan`) VALUES
(28, 2, 1, 1),
(29, 2, 2, 0),
(30, 2, 3, 0),
(31, 3, 1, 0),
(32, 3, 2, 0),
(33, 3, 3, 0),
(34, 4, 1, 0),
(35, 4, 2, 0),
(36, 4, 3, 0),
(37, 5, 1, 0),
(38, 5, 2, 0),
(39, 5, 3, 0),
(40, 6, 1, 0),
(41, 6, 2, 0),
(42, 6, 3, 0),
(43, 7, 1, 0),
(44, 7, 2, 1),
(45, 7, 3, 1),
(46, 8, 1, 0),
(47, 8, 2, 0),
(48, 8, 3, 0),
(49, 9, 1, 0),
(50, 9, 2, 0),
(51, 9, 3, 0),
(52, 10, 1, 0),
(53, 10, 2, 0),
(54, 10, 3, 0),
(55, 11, 1, 0),
(56, 11, 2, 0),
(57, 11, 3, 0),
(58, 12, 1, 1),
(59, 12, 2, 0),
(60, 12, 3, 0),
(61, 13, 1, 0),
(62, 13, 2, 0),
(63, 13, 3, 0),
(64, 14, 1, 0),
(65, 14, 2, 0),
(66, 14, 3, 0),
(67, 15, 1, 0),
(68, 15, 2, 0),
(69, 15, 3, 0),
(70, 16, 1, 1),
(71, 16, 2, 0),
(72, 16, 3, 0),
(73, 17, 1, 0),
(74, 17, 2, 0),
(75, 17, 3, 0),
(76, 18, 1, 1),
(77, 18, 2, 0),
(78, 18, 3, 0),
(79, 19, 1, 1),
(80, 19, 2, 0),
(81, 19, 3, 0),
(82, 20, 1, 0),
(83, 20, 2, 0),
(84, 20, 3, 0),
(85, 21, 1, 0),
(86, 21, 2, 0),
(87, 21, 3, 0),
(88, 22, 1, 0),
(89, 22, 2, 1),
(90, 22, 3, 1),
(91, 23, 1, 0),
(92, 23, 2, 1),
(93, 23, 3, 0),
(94, 24, 1, 1),
(95, 24, 2, 1),
(96, 24, 3, 0),
(97, 25, 1, 0),
(98, 25, 2, 0),
(99, 25, 3, 0),
(100, 26, 1, 0),
(101, 26, 2, 0),
(102, 26, 3, 0),
(103, 27, 1, 0),
(104, 27, 2, 0),
(105, 27, 3, 0),
(106, 28, 1, 0),
(107, 28, 2, 0),
(108, 28, 3, 0),
(109, 29, 1, 0),
(110, 29, 2, 1),
(111, 29, 3, 1),
(112, 30, 1, 1),
(113, 30, 2, 1),
(114, 30, 3, 0),
(115, 31, 1, 0),
(116, 31, 2, 0),
(117, 31, 3, 0),
(118, 32, 1, 0),
(119, 32, 2, 0),
(120, 32, 3, 0),
(121, 33, 1, 0),
(122, 33, 2, 0),
(123, 33, 3, 0),
(124, 34, 1, 0),
(125, 34, 2, 0),
(126, 34, 3, 0),
(127, 35, 1, 0),
(128, 35, 2, 0),
(129, 35, 3, 0),
(130, 36, 1, 0),
(131, 36, 2, 0),
(132, 36, 3, 0),
(133, 37, 1, 0),
(134, 37, 2, 0),
(135, 37, 3, 0),
(136, 38, 1, 0),
(137, 38, 2, 1),
(138, 38, 3, 1),
(139, 39, 1, 0),
(140, 39, 2, 0),
(141, 39, 3, 0),
(142, 40, 1, 0),
(143, 40, 2, 0),
(144, 40, 3, 0),
(145, 41, 1, 0),
(146, 41, 2, 0),
(147, 41, 3, 0),
(148, 42, 1, 0),
(149, 42, 2, 1),
(150, 42, 3, 1),
(151, 43, 1, 0),
(152, 43, 2, 0),
(153, 43, 3, 0),
(154, 44, 1, 0),
(155, 44, 2, 0),
(156, 44, 3, 0),
(157, 45, 1, 0),
(158, 45, 2, 0),
(159, 45, 3, 0),
(160, 46, 1, 0),
(161, 46, 2, 0),
(162, 46, 3, 0),
(163, 47, 1, 0),
(164, 47, 2, 0),
(165, 47, 3, 0),
(166, 48, 1, 0),
(167, 48, 2, 0),
(168, 48, 3, 0),
(169, 49, 1, 0),
(170, 49, 2, 0),
(171, 49, 3, 0),
(172, 50, 1, 0),
(173, 50, 2, 0),
(174, 50, 3, 0),
(175, 51, 1, 0),
(176, 51, 2, 0),
(177, 51, 3, 0),
(178, 52, 1, 0),
(179, 52, 2, 0),
(180, 52, 3, 0),
(181, 53, 1, 0),
(182, 53, 2, 0),
(183, 53, 3, 0),
(184, 54, 1, 0),
(185, 54, 2, 0),
(186, 54, 3, 0),
(187, 55, 1, 0),
(188, 55, 2, 0),
(189, 55, 3, 0),
(190, 56, 1, 0),
(191, 56, 2, 0),
(192, 56, 3, 0),
(193, 57, 1, 0),
(194, 57, 2, 0),
(195, 57, 3, 0),
(196, 58, 1, 0),
(197, 58, 2, 0),
(198, 58, 3, 0),
(199, 59, 1, 0),
(200, 59, 2, 0),
(201, 59, 3, 0),
(202, 60, 1, 1),
(203, 60, 2, 1),
(204, 60, 3, 1),
(205, 63, 1, 1),
(206, 63, 2, 0),
(207, 63, 3, 1),
(208, 64, 1, 1),
(209, 64, 2, 0),
(210, 64, 3, 2),
(211, 65, 1, 0),
(212, 65, 2, 0),
(213, 65, 3, 0),
(214, 66, 1, 0),
(215, 66, 2, 0),
(216, 66, 3, 0),
(217, 67, 1, 0),
(218, 67, 2, 0),
(219, 67, 3, 0),
(220, 68, 1, 1),
(221, 68, 2, 0),
(222, 68, 3, 0),
(223, 69, 1, 1),
(224, 69, 2, 0),
(225, 69, 3, 1),
(226, 70, 1, 0),
(227, 70, 2, 1),
(228, 70, 3, 1),
(229, 71, 1, 0),
(230, 71, 2, 0),
(231, 71, 3, 0),
(232, 72, 1, 1),
(233, 72, 2, 0),
(234, 72, 3, 0),
(235, 73, 1, 0),
(236, 73, 2, 0),
(237, 73, 3, 1),
(238, 74, 1, 1),
(239, 74, 2, 1),
(240, 74, 3, 0),
(241, 75, 1, 0),
(242, 75, 2, 0),
(243, 75, 3, 0),
(244, 76, 1, 0),
(245, 76, 2, 0),
(246, 76, 3, 0),
(247, 77, 1, 0),
(248, 77, 2, 0),
(249, 77, 3, 0),
(250, 78, 1, 0),
(251, 78, 2, 0),
(252, 78, 3, 0),
(253, 79, 1, 1),
(254, 79, 2, 0),
(255, 79, 3, 0),
(256, 80, 1, 0),
(257, 80, 2, 0),
(258, 80, 3, 0),
(259, 81, 1, 2),
(260, 81, 2, 1),
(261, 81, 3, 0),
(262, 82, 1, 0),
(263, 82, 2, 2),
(264, 82, 3, 1),
(265, 83, 1, 0),
(266, 83, 2, 0),
(267, 83, 3, 0),
(268, 84, 1, 0),
(269, 84, 2, 0),
(270, 84, 3, 0),
(271, 85, 1, 1),
(272, 85, 2, 0),
(273, 85, 3, 3),
(274, 86, 1, 2),
(275, 86, 2, 0),
(276, 86, 3, 0),
(277, 87, 1, 0),
(278, 87, 2, 0),
(279, 87, 3, 0),
(280, 133, 1, 0),
(281, 133, 2, 0),
(282, 133, 3, 0),
(283, 88, 1, 0),
(284, 88, 2, 0),
(285, 88, 3, 0),
(286, 89, 1, 1),
(287, 89, 2, 1),
(288, 89, 3, 1),
(289, 90, 1, 1),
(290, 90, 2, 0),
(291, 90, 3, 1),
(292, 91, 1, 0),
(293, 91, 2, 0),
(294, 91, 3, 1),
(295, 92, 1, 0),
(296, 92, 2, 0),
(297, 92, 3, 0),
(298, 93, 1, 0),
(299, 93, 2, 0),
(300, 93, 3, 1),
(301, 94, 1, 0),
(302, 94, 2, 0),
(303, 94, 3, 0),
(304, 95, 1, 0),
(305, 95, 2, 0),
(306, 95, 3, 0),
(307, 96, 1, 0),
(308, 96, 2, 0),
(309, 96, 3, 0),
(310, 97, 1, 1),
(311, 97, 2, 0),
(312, 97, 3, 0),
(313, 98, 1, 1),
(314, 98, 2, 0),
(315, 98, 3, 0),
(316, 99, 1, 0),
(317, 99, 2, 0),
(318, 99, 3, 0),
(319, 100, 1, 1),
(320, 100, 2, 0),
(321, 100, 3, 0),
(322, 101, 1, 1),
(323, 101, 2, 1),
(324, 101, 3, 0),
(325, 102, 1, 1),
(326, 102, 2, 1),
(327, 102, 3, 0),
(328, 103, 1, 1),
(329, 103, 2, 0),
(330, 103, 3, 0),
(331, 104, 1, 0),
(332, 104, 2, 0),
(333, 104, 3, 0),
(334, 105, 1, 0),
(335, 105, 2, 0),
(336, 105, 3, 0),
(337, 106, 1, 1),
(338, 106, 2, 0),
(339, 106, 3, 0),
(340, 107, 1, 0),
(341, 107, 2, 0),
(342, 107, 3, 0),
(343, 108, 1, 1),
(344, 108, 2, 0),
(345, 108, 3, 0),
(346, 109, 1, 0),
(347, 109, 2, 0),
(348, 109, 3, 0),
(349, 110, 1, 0),
(350, 110, 2, 0),
(351, 110, 3, 0),
(352, 111, 1, 0),
(353, 111, 2, 0),
(354, 111, 3, 0),
(355, 112, 1, 0),
(356, 112, 2, 0),
(357, 112, 3, 0),
(358, 113, 1, 0),
(359, 113, 2, 0),
(360, 113, 3, 0),
(361, 114, 1, 0),
(362, 114, 2, 0),
(363, 114, 3, 1),
(364, 115, 1, 0),
(365, 115, 2, 0),
(366, 115, 3, 0),
(367, 116, 1, 0),
(368, 116, 2, 0),
(369, 116, 3, 1),
(370, 117, 1, 0),
(371, 117, 2, 0),
(372, 117, 3, 0),
(373, 118, 1, 0),
(374, 118, 2, 0),
(375, 118, 3, 0),
(376, 119, 1, 0),
(377, 119, 2, 0),
(378, 119, 3, 0),
(379, 120, 1, 0),
(380, 120, 2, 0),
(381, 120, 3, 0),
(382, 121, 1, 0),
(383, 121, 2, 0),
(384, 121, 3, 0),
(385, 122, 1, 1),
(386, 122, 2, 0),
(387, 122, 3, 0),
(388, 123, 1, 0),
(389, 123, 2, 0),
(390, 123, 3, 0),
(391, 124, 1, 1),
(392, 124, 2, 0),
(393, 124, 3, 1),
(394, 125, 1, 0),
(395, 125, 2, 0),
(396, 125, 3, 1),
(397, 126, 1, 0),
(398, 126, 2, 0),
(399, 126, 3, 2),
(400, 127, 1, 1),
(401, 127, 2, 0),
(402, 127, 3, 1),
(403, 128, 1, 0),
(404, 128, 2, 1),
(405, 128, 3, 0),
(406, 129, 1, 0),
(407, 129, 2, 0),
(408, 129, 3, 0),
(409, 130, 1, 0),
(410, 130, 2, 0),
(411, 130, 3, 1),
(412, 131, 1, 0),
(413, 131, 2, 0),
(414, 131, 3, 0),
(415, 132, 1, 0),
(416, 132, 2, 0),
(417, 132, 3, 1);

-- --------------------------------------------------------

--
-- Struktur dari tabel `pendidikan`
--

CREATE TABLE `pendidikan` (
  `id_pendidikan` int(11) NOT NULL,
  `nama_pendidikan` varchar(40) NOT NULL,
  `jenis_pendidikan` varchar(20) NOT NULL,
  `bobot` int(11) NOT NULL
) ENGINE=InnoDB DEFAULT CHARSET=latin1;

--
-- Dumping data untuk tabel `pendidikan`
--

INSERT INTO `pendidikan` (`id_pendidikan`, `nama_pendidikan`, `jenis_pendidikan`, `bobot`) VALUES
(1, 'SD', 'Benefit', 54),
(2, 'SMP', 'Benefit', 30),
(3, 'SMA', 'Benefit', 16);

-- --------------------------------------------------------

--
-- Struktur dari tabel `perbandingan_kriteria`
--

CREATE TABLE `perbandingan_kriteria` (
  `id` int(11) NOT NULL,
  `kriteria1` int(11) NOT NULL,
  `kriteria2` int(11) NOT NULL,
  `nilai` float NOT NULL
) ENGINE=MyISAM DEFAULT CHARSET=latin1;

--
-- Dumping data untuk tabel `perbandingan_kriteria`
--

INSERT INTO `perbandingan_kriteria` (`id`, `kriteria1`, `kriteria2`, `nilai`) VALUES
(21, 3, 4, 0.5),
(20, 2, 4, 0.333333),
(19, 1, 4, 0.25),
(18, 2, 3, 0.5),
(17, 1, 3, 0.333333),
(16, 1, 2, 0.5),
(22, 1, 5, 0.2),
(23, 1, 6, 0.166667),
(24, 1, 7, 0.142857),
(25, 2, 5, 0.333333),
(26, 2, 6, 0.25),
(27, 2, 7, 0.2),
(28, 3, 5, 0.5),
(29, 3, 6, 0.333333),
(30, 3, 7, 0.2),
(31, 4, 5, 0.5),
(32, 4, 6, 0.333333),
(33, 4, 7, 0.2),
(34, 5, 6, 0.5),
(35, 5, 7, 0.333333),
(36, 6, 7, 0.5),
(37, 5, 8, 0.25),
(38, 5, 9, 0.2),
(39, 5, 10, 0.166667),
(40, 5, 11, 0.142857),
(41, 6, 8, 0.333333),
(42, 6, 9, 0.25),
(43, 6, 10, 0.2),
(44, 6, 11, 0.166667),
(45, 7, 8, 0.5),
(46, 7, 9, 0.333333),
(47, 7, 10, 0.25),
(48, 7, 11, 0.2),
(49, 8, 9, 0.5),
(50, 8, 10, 0.333333),
(51, 8, 11, 0.25),
(52, 9, 10, 0.5),
(53, 9, 11, 0.333333),
(54, 10, 11, 0.2);

-- --------------------------------------------------------

--
-- Struktur dari tabel `perbandingan_pendidikan`
--

CREATE TABLE `perbandingan_pendidikan` (
  `id` int(11) NOT NULL,
  `pendidikan1` int(11) NOT NULL,
  `pendidikan2` int(11) NOT NULL,
  `nilai` int(11) NOT NULL
) ENGINE=InnoDB DEFAULT CHARSET=latin1;

--
-- Dumping data untuk tabel `perbandingan_pendidikan`
--

INSERT INTO `perbandingan_pendidikan` (`id`, `pendidikan1`, `pendidikan2`, `nilai`) VALUES
(1, 1, 2, 2),
(2, 1, 3, 3),
(3, 2, 3, 2);

-- --------------------------------------------------------

--
-- Struktur dari tabel `pv_kriteria`
--

CREATE TABLE `pv_kriteria` (
  `id_kriteria` int(11) NOT NULL,
  `nilai` float NOT NULL
) ENGINE=MyISAM DEFAULT CHARSET=latin1;

--
-- Dumping data untuk tabel `pv_kriteria`
--

INSERT INTO `pv_kriteria` (`id_kriteria`, `nilai`) VALUES
(1, 0.0308076),
(2, 0.0497),
(3, 0.0735236),
(4, 0.102586),
(5, 0.0306737),
(6, 0.0447792),
(7, 0.0678554),
(8, 0.103051),
(9, 0.154905),
(10, 0.209458),
(11, 0.389277);

-- --------------------------------------------------------

--
-- Struktur dari tabel `pv_pendidikan`
--

CREATE TABLE `pv_pendidikan` (
  `id_pendidikan` int(11) NOT NULL,
  `nilai` int(11) NOT NULL
) ENGINE=InnoDB DEFAULT CHARSET=latin1;

--
-- Dumping data untuk tabel `pv_pendidikan`
--

INSERT INTO `pv_pendidikan` (`id_pendidikan`, `nilai`) VALUES
(1, 1),
(2, 0),
(3, 0);

-- --------------------------------------------------------

--
-- Struktur dari tabel `rw`
--

CREATE TABLE `rw` (
  `id_rw` int(5) NOT NULL,
  `nama_rw` varchar(12) NOT NULL
) ENGINE=InnoDB DEFAULT CHARSET=latin1;

--
-- Dumping data untuk tabel `rw`
--

INSERT INTO `rw` (`id_rw`, `nama_rw`) VALUES
(1, '001'),
(2, '002'),
(3, '003');

-- --------------------------------------------------------

--
-- Struktur dari tabel `sub`
--

CREATE TABLE `sub` (
  `id_sub` int(11) NOT NULL,
  `id_kriteria` int(11) NOT NULL,
  `nama_sub` varchar(100) NOT NULL,
  `nilai` int(11) NOT NULL
) ENGINE=InnoDB DEFAULT CHARSET=latin1;

--
-- Dumping data untuk tabel `sub`
--

INSERT INTO `sub` (`id_sub`, `id_kriteria`, `nama_sub`, `nilai`) VALUES
(23, 5, 'Polisi', 7),
(24, 5, 'Perawat', 7),
(25, 5, 'Arsitek', 7),
(26, 5, 'Wiraswasta', 6),
(27, 5, 'Karyawan Swasta', 5),
(28, 5, 'Pedagang', 4),
(29, 5, 'Mekanik', 4),
(30, 5, 'Tukang batu', 4),
(31, 5, 'Mengurus Rumah Tangga', 3),
(32, 5, 'Petani', 2),
(33, 5, 'Pekebun', 2),
(34, 5, 'Buruh', 1),
(38, 6, 'Tidak Memiliki', 0),
(39, 6, '1 Orang', 1),
(40, 6, '>=2 Orang', 2),
(41, 7, 'Tidak Memiliki', 0),
(42, 7, '1 Orang', 1),
(43, 7, '>= 2 Orang', 2),
(44, 8, 'Tidak Memiliki', 0),
(45, 8, '1 Orang', 1),
(46, 9, 'Tidak Memiliki', 0),
(47, 9, '1 Orang', 1),
(48, 9, '>2 Orang', 2),
(49, 11, 'Lengkap', 1),
(50, 11, 'Tidak lengkap', 0),
(81, 10, 'Memiliki', 1),
(82, 10, 'tidak memiliki', 0),
(83, 5, 'PNS', 7);

-- --------------------------------------------------------

--
-- Struktur dari tabel `user`
--

CREATE TABLE `user` (
  `id_user` int(11) NOT NULL,
  `username` varchar(40) NOT NULL,
  `password` varchar(100) NOT NULL,
  `level` varchar(30) NOT NULL
) ENGINE=InnoDB DEFAULT CHARSET=latin1;

--
-- Dumping data untuk tabel `user`
--

INSERT INTO `user` (`id_user`, `username`, `password`, `level`) VALUES
(1, 'admin', 'admin', 'admin'),
(2, 'kades', '123', 'Kepala Desa');

--
-- Indexes for dumped tables
--

--
-- Indexes for table `alternatif`
--
ALTER TABLE `alternatif`
  ADD PRIMARY KEY (`id_alternatif`);

--
-- Indexes for table `ir`
--
ALTER TABLE `ir`
  ADD PRIMARY KEY (`jumlah`);

--
-- Indexes for table `kriteria`
--
ALTER TABLE `kriteria`
  ADD PRIMARY KEY (`id_kriteria`);

--
-- Indexes for table `nilai`
--
ALTER TABLE `nilai`
  ADD PRIMARY KEY (`id_nilai`);

--
-- Indexes for table `nilai_pendidikan`
--
ALTER TABLE `nilai_pendidikan`
  ADD PRIMARY KEY (`id_nilai_pendidikan`);

--
-- Indexes for table `pendidikan`
--
ALTER TABLE `pendidikan`
  ADD PRIMARY KEY (`id_pendidikan`);

--
-- Indexes for table `perbandingan_kriteria`
--
ALTER TABLE `perbandingan_kriteria`
  ADD PRIMARY KEY (`id`);

--
-- Indexes for table `perbandingan_pendidikan`
--
ALTER TABLE `perbandingan_pendidikan`
  ADD PRIMARY KEY (`id`);

--
-- Indexes for table `pv_kriteria`
--
ALTER TABLE `pv_kriteria`
  ADD PRIMARY KEY (`id_kriteria`);

--
-- Indexes for table `pv_pendidikan`
--
ALTER TABLE `pv_pendidikan`
  ADD PRIMARY KEY (`id_pendidikan`);

--
-- Indexes for table `rw`
--
ALTER TABLE `rw`
  ADD PRIMARY KEY (`id_rw`);

--
-- Indexes for table `sub`
--
ALTER TABLE `sub`
  ADD PRIMARY KEY (`id_sub`);

--
-- Indexes for table `user`
--
ALTER TABLE `user`
  ADD PRIMARY KEY (`id_user`);

--
-- AUTO_INCREMENT for dumped tables
--

--
-- AUTO_INCREMENT for table `alternatif`
--
ALTER TABLE `alternatif`
  MODIFY `id_alternatif` int(11) NOT NULL AUTO_INCREMENT, AUTO_INCREMENT=135;
--
-- AUTO_INCREMENT for table `kriteria`
--
ALTER TABLE `kriteria`
  MODIFY `id_kriteria` int(11) NOT NULL AUTO_INCREMENT, AUTO_INCREMENT=12;
--
-- AUTO_INCREMENT for table `nilai`
--
ALTER TABLE `nilai`
  MODIFY `id_nilai` int(11) NOT NULL AUTO_INCREMENT, AUTO_INCREMENT=888;
--
-- AUTO_INCREMENT for table `nilai_pendidikan`
--
ALTER TABLE `nilai_pendidikan`
  MODIFY `id_nilai_pendidikan` int(11) NOT NULL AUTO_INCREMENT, AUTO_INCREMENT=418;
--
-- AUTO_INCREMENT for table `pendidikan`
--
ALTER TABLE `pendidikan`
  MODIFY `id_pendidikan` int(11) NOT NULL AUTO_INCREMENT, AUTO_INCREMENT=4;
--
-- AUTO_INCREMENT for table `perbandingan_kriteria`
--
ALTER TABLE `perbandingan_kriteria`
  MODIFY `id` int(11) NOT NULL AUTO_INCREMENT, AUTO_INCREMENT=55;
--
-- AUTO_INCREMENT for table `perbandingan_pendidikan`
--
ALTER TABLE `perbandingan_pendidikan`
  MODIFY `id` int(11) NOT NULL AUTO_INCREMENT, AUTO_INCREMENT=4;
--
-- AUTO_INCREMENT for table `pv_pendidikan`
--
ALTER TABLE `pv_pendidikan`
  MODIFY `id_pendidikan` int(11) NOT NULL AUTO_INCREMENT, AUTO_INCREMENT=4;
--
-- AUTO_INCREMENT for table `rw`
--
ALTER TABLE `rw`
  MODIFY `id_rw` int(5) NOT NULL AUTO_INCREMENT, AUTO_INCREMENT=4;
--
-- AUTO_INCREMENT for table `sub`
--
ALTER TABLE `sub`
  MODIFY `id_sub` int(11) NOT NULL AUTO_INCREMENT, AUTO_INCREMENT=84;
--
-- AUTO_INCREMENT for table `user`
--
ALTER TABLE `user`
  MODIFY `id_user` int(11) NOT NULL AUTO_INCREMENT, AUTO_INCREMENT=3;
/*!40101 SET CHARACTER_SET_CLIENT=@OLD_CHARACTER_SET_CLIENT */;
/*!40101 SET CHARACTER_SET_RESULTS=@OLD_CHARACTER_SET_RESULTS */;
/*!40101 SET COLLATION_CONNECTION=@OLD_COLLATION_CONNECTION */;
